Francesco Giovani, prueba_00@gmail.com ,$2b$10$JBKuyR0w/USN25sLnNom/Or7.vGnOMj4mTiQ3SjWpNVLbtr0YM2Wy,15-01-2000,hombre
Francesco Giovani,prueba_01@gmail.com,$2b$10$eTG8P7CqULnERmIOgpYw5OOqh/eUGKm2y1in5NbZZBDuzVMZ1gUh.,16-01-2000,mujer
Francesco Giovani,prueba_02@gmail.com,$2b$10$UMz.0JV4OgSnAW2szBKbUeRciBT27YDcSJRz5aabsnt4BxuiY8LBa,17-01-2000,hombre
Francesco Giovani,prueba_03@gmail.com,$2b$10$3u2yqO1bCqIXw45tzoHXUO8/n25y8dOnUPtvizB5yNjdU5ACJaqq2,18-01-2000,mujer
Francesco Giovani,prueba_04@gmail.com,$2b$10$dIiBP.oGVsNEGIiuWV3l/O0vTJNMo68KkoeTwkF0zvjFyN74CaY9e,19-01-2000,hombre
Francesco Giovani,prueba_05@gmail.com,$2b$10$pBt5uttPyT1VdjXPOokkceHbEhD/ZP8.572Qfgb3bGgqFdbzThr0e,20-01-2000,mujer
Francesco Giovani,prueba_06@gmail.com,$2b$10$Xx.e8O6We2GmhXtSR/kU7.wUtM15umWg80slGZGdOTgjXpZlyzO0.,21-01-2000,hombre
Francesco Giovani,prueba_07@gmail.com,$2b$10$l/Q/TP/9nUKhT1LIEz.CuemHvK8Hrsl7PnLJsPOQPDrnh7eh5p7kS,22-01-2000,mujer
Francesco Giovani,prueba_08@gmail.com,$2b$10$2mY9dfz5OpX.WAmvffwi9e0dg4fMmaA8FxFv8NOZf5R6XFDt/AWvq,23-01-2000,hombre
Francesco Giovani,prueba_09@gmail.com,$2b$10$VRUVCHBk6zOm7ptgCD8IluXmVBvtvS3seyKQrSKS6yVNsWqTD4gqW,24-01-2000,mujer
Francesco Giovani,prueba_10@gmail.com,$2b$10$dFQWA.vX4Vs/wcXC.rNKveEeWXY3psguqZC97pqZNtcf9JAgK3Mbq,25-01-2000,hombre
Francesco Giovani,prueba_11@gmail.com,$2b$10$OsY1MIuUWfefHfMmqXjJ1eaZEG18Wvk7zUpio0yOlYDBq2wXBzFdy,26-01-2000,mujer
Francesco Giovani,prueba_12@gmail.com,$2b$10$YeclxOCHdQrp7B8eU01GA.07ROnvQFnvCez9jqnMZyCUzOaFatgBS,27-01-2000,hombre
Francesco Giovani,prueba_13@gmail.com,$2b$10$MGHtOMN.sx9HwzdIc2ewFenqgpfqtualpk0pr7y3RRMfU8OydsMay,28-01-2000,mujer
Francesco Giovani,prueba_14@gmail.com,$2b$10$lYu76b.I7WHEiQh2/koW2.v80kQ8uiLhJgm8QQAipNgdHUivUXkka,29-01-2000,hombre
Francesco Giovani,prueba_15@gmail.com,$2b$10$bpiC7MD2mbPC6vvB91d/.eZ5hgRsO89I4A53cqD628bE.wkbr3Gl.,30-01-2000,mujer
Francesco Giovani,prueba_16@gmail.com,$2b$10$Gj.kdo8jt64/LZOsMZX2x.ZbcKjqOQmpeXX15O5rkT9kuil4SsnWy,31-01-2000,hombre
Francesco Giovani,prueba_17@gmail.com,$2b$10$DtcQ6gFHdKESdfndJozK5OaCvlfMSIx/rxhl8D5zOjTp9j8RKxnJW,01-02-2000,mujer
Francesco Giovani,prueba_18@gmail.com,$2b$10$soF8xzyrSKKDQA6NMVIWDeCH40WzGqJ11yNK48wSt0kf16JIAv.u.,02-02-2000,hombre
Francesco Giovani,prueba_19@gmail.com,$2b$10$PakK9CX942kM3XirLHlAaeISQSPwyO.nC08yTlK.BunqgCTOMPmCi,03-02-2000,mujer
Francesco Giovani,prueba_20@gmail.com,$2b$10$jj4n1yMx5BrnSX1r1Efbcu5pe0oEnScEs3ZpgY2n3waQkEQ4QDhsK,04-02-2000,hombre
Francesco Giovani,prueba_21@gmail.com,$2b$10$.gDVgOms3JmQTXFIOyqcWu4m0ga4J6pqY1cLCfoMG6qr0MCWA/vJ.,05-02-2000,mujer
Francesco Giovani,prueba_22@gmail.com,$2b$10$qZT958WhfEEcnaEB9HAyveJMNhvKGVrrXm3K57.skha3EPpGFEGpC,06-02-2000,hombre
Francesco Giovani,prueba_23@gmail.com,$2b$10$AuNohXqtD0jZ.tCFvB5zPu31n89cNW.PRpg2nkYmiwUOfvnlo57Lq,07-02-2000,mujer
Francesco Giovani,prueba_24@gmail.com,$2b$10$x5aZZvjdg80fowFzw/cbouyEED1vqRh9nlwKyTY8rYZM1BNr9NVsC,08-02-2000,hombre
Francesco Giovani,prueba_25@gmail.com,$2b$10$yMRq1iSMUvHYmjx8mHdzZOclpYO0yRKPN4SZRevt3gTycwwnE3njG,09-02-2000,mujer
Francesco Giovani,prueba_26@gmail.com,$2b$10$wxbBFQJ.C8Vu5XQd8NZ5JeIJk/YOc.nDRaH9terlein.wZUyXrATi,10-02-2000,hombre
Francesco Giovani,prueba_27@gmail.com,$2b$10$73ofBP9ti7PqZsDymkLpjueLXlFuo1uXkq6t17Y8Q21rRw7TkEHS.,11-02-2000,mujer
Francesco Giovani,prueba_28@gmail.com,$2b$10$Oy7aqLG4Fh0OdaC.RO0.BenUKmt8LQC911D2s6yPLlXF9hJ82P80K,12-02-2000,hombre
Francesco Giovani,prueba_29@gmail.com,$2b$10$oKud.eHiUos0loUktvLNH.by62Le44mS7iEyJMwBci15EI9s9sDH6,13-02-2000,mujer
Francesco Giovani,prueba_30@gmail.com,$2b$10$CVPnO9F6UYmU2dmvP/PlMeYFFOQuElQjBKj4Mt7.I8jQ7T7/N/3A6,14-02-2000,hombre
Francesco Giovani,prueba_31@gmail.com,$2b$10$e7RZpAbuDvjiN1oNbwZweeWALxHdKifzktFQl/Dh3Eh6kkD9E7gQC,15-02-2000,mujer
Francesco Giovani,prueba_32@gmail.com,$2b$10$l77bPVyWswAVvcieOxpiMOW.jU3uNUzbGkbrVel643z9rCvNnhMI2,16-02-2000,hombre
Francesco Giovani,prueba_33@gmail.com,$2b$10$sBlxa9ymooEmLYp9Xj8W9ef4b3E2JhBJlvU6MKsqFyj7dn1AXEH4C,17-02-2000,mujer
Francesco Giovani,prueba_34@gmail.com,$2b$10$JPCtk.qWf6eABiZ6/sLjM.JthWHF3VThgVm167a.RiqGnbpGlMZ96,18-02-2000,hombre
Francesco Giovani,prueba_35@gmail.com,$2b$10$eOgy7hGoGP42Q6qRK0NrAeflqq9pRDyf4PnpgOCJtxRpWHsHwsx4q,19-02-2000,mujer
Francesco Giovani,prueba_36@gmail.com,$2b$10$mMKRX9mbheKGrlOttwQpZOS2WonlUfWRIU2CK9uYY2vMBtHy6/1tK,20-02-2000,hombre
Francesco Giovani,prueba_37@gmail.com,$2b$10$9GPCnbSVKq3kC16Pzxzib.PmQLkitLzhc1muwc4F0kwr.xezpY702,21-02-2000,mujer
Francesco Giovani,prueba_38@gmail.com,$2b$10$jWY4MtN.jr53H0IehBlDAOJyPssTlmRrnd1SK7HP7dWXyuo1jSemm,22-02-2000,hombre
Francesco Giovani,prueba_39@gmail.com,$2b$10$mT1FWZOJir0sFRGd.Lc/VOE7nJDrhiT3ees8X2NkWYYcXSKPZeqIu,23-02-2000,mujer
Francesco Giovani,prueba_40@gmail.com,$2b$10$5i9AI6qg5zzSdjobjwxdR.DUiieNILBvuYbVQbGX08Ovawr0MENSq,24-02-2000,hombre
Francesco Giovani,prueba_41@gmail.com,$2b$10$vSPy/pB0c2Uurro2Htdy/ueGZVp.crb9KdbDFYuikhnGvIUksebO2,25-02-2000,mujer
Francesco Giovani,prueba_42@gmail.com,$2b$10$NmTIifP4n/pUjxyvj9on.OO/NjBuqq3hILwrQjOY9v9QCWhEQGKTq,26-02-2000,hombre
Francesco Giovani,prueba_43@gmail.com,$2b$10$4jKiWKfoegC0ow5xfu7dTOEY7mnKtUyBi25igWFX3eqicVgDZl4mO,27-02-2000,mujer
Francesco Giovani,prueba_44@gmail.com,$2b$10$oiOQDmOR/VxmGOW044DuzesF/5DXS.HAIEgUMWwkpuNYV47l9yMm.,28-02-2000,hombre
Francesco Giovani,prueba_45@gmail.com,$2b$10$uAh1NlEjoYPVxBbtoEykb.cpNQldCyoib0LmGuIAY7b1yAamBqt8u,29-02-2000,mujer
Francesco Giovani,prueba_46@gmail.com,$2b$10$.jBwKLM20Rph1QUA64yb4.7rbaNIrcGngsQRrUf4CV6lzu.Qw4MPO,01-03-2000,hombre
Francesco Giovani,prueba_47@gmail.com,$2b$10$nbaZFvYWCRKNQ5olZHWDgOhfwblXRUjDmX/eNpO1KLxzzurGoe9uO,02-03-2000,mujer
Francesco Giovani,prueba_48@gmail.com,$2b$10$ql9npfI2M9qA4PVW92VHtuAFamzlAT0rZcqP1nL3Uocyiji80LeoS,03-03-2000,hombre
Francesco Giovani,prueba_49@gmail.com,$2b$10$yjqirFL781foqgzvyh1t/OaOXE29fbv7er7qIMuwQ8ioj/xEOJQx2,04-03-2000,mujer