full_name,email,password,birthdate,gender
FrancescoGiovani,prueba_00@gmail.com,Prueba01!,2000-01-15,hombre
FrancescoGiovani,prueba_01@gmail.com,Prueba02!,2000-01-16,mujer
FrancescoGiovani,prueba_02@gmail.com,Prueba03!,2000-01-17,hombre
FrancescoGiovani,prueba_03@gmail.com,Prueba04!,2000-01-18,mujer
FrancescoGiovani,prueba_04@gmail.com,Prueba05!,2000-01-19,hombre
FrancescoGiovani,prueba_05@gmail.com,Prueba06!,2000-01-20,mujer
FrancescoGiovani,prueba_06@gmail.com,Prueba07!,2000-01-21,hombre
FrancescoGiovani,prueba_07@gmail.com,Prueba08!,2000-01-22,mujer
FrancescoGiovani,prueba_08@gmail.com,Prueba09!,2000-01-23,hombre
FrancescoGiovani,prueba_09@gmail.com,Prueba10!,2000-01-24,mujer
FrancescoGiovani,prueba_10@gmail.com,Prueba11!,2000-01-25,hombre
FrancescoGiovani,prueba_11@gmail.com,Prueba12!,2000-01-26,mujer
FrancescoGiovani,prueba_12@gmail.com,Prueba13!,2000-01-27,hombre
FrancescoGiovani,prueba_13@gmail.com,Prueba14!,2000-01-28,mujer
FrancescoGiovani,prueba_14@gmail.com,Prueba15!,2000-01-29,hombre
FrancescoGiovani,prueba_15@gmail.com,Prueba16!,2000-01-30,mujer
FrancescoGiovani,prueba_16@gmail.com,Prueba17!,2000-01-31,hombre
FrancescoGiovani,prueba_17@gmail.com,Prueba18!,2000-02-01,mujer
FrancescoGiovani,prueba_18@gmail.com,Prueba19!,2000-02-02,hombre
FrancescoGiovani,prueba_19@gmail.com,Prueba20!,2000-02-03,mujer
FrancescoGiovani,prueba_20@gmail.com,Prueba21!,2000-02-04,hombre
FrancescoGiovani,prueba_21@gmail.com,Prueba22!,2000-02-05,mujer
FrancescoGiovani,prueba_22@gmail.com,Prueba23!,2000-02-06,hombre
FrancescoGiovani,prueba_23@gmail.com,Prueba24!,2000-02-07,mujer
FrancescoGiovani,prueba_24@gmail.com,Prueba25!,2000-02-08,hombre
FrancescoGiovani,prueba_25@gmail.com,Prueba26!,2000-02-09,mujer
FrancescoGiovani,prueba_26@gmail.com,Prueba27!,2000-02-10,hombre
FrancescoGiovani,prueba_27@gmail.com,Prueba28!,2000-02-11,mujer
FrancescoGiovani,prueba_28@gmail.com,Prueba29!,2000-02-12,hombre
FrancescoGiovani,prueba_29@gmail.com,Prueba30!,2000-02-13,mujer
FrancescoGiovani,prueba_30@gmail.com,Prueba31!,2000-02-14,hombre
FrancescoGiovani,prueba_31@gmail.com,Prueba32!,2000-02-15,mujer
FrancescoGiovani,prueba_32@gmail.com,Prueba33!,2000-02-16,hombre
FrancescoGiovani,prueba_33@gmail.com,Prueba34!,2000-02-17,mujer
FrancescoGiovani,prueba_34@gmail.com,Prueba35!,2000-02-18,hombre
FrancescoGiovani,prueba_35@gmail.com,Prueba36!,2000-02-19,mujer
FrancescoGiovani,prueba_36@gmail.com,Prueba37!,2000-02-20,hombre
FrancescoGiovani,prueba_37@gmail.com,Prueba38!,2000-02-21,mujer
FrancescoGiovani,prueba_38@gmail.com,Prueba39!,2000-02-22,hombre
FrancescoGiovani,prueba_39@gmail.com,Prueba40!,2000-02-23,mujer
FrancescoGiovani,prueba_40@gmail.com,Prueba41!,2000-02-24,hombre
FrancescoGiovani,prueba_41@gmail.com,Prueba42!,2000-02-25,mujer
FrancescoGiovani,prueba_42@gmail.com,Prueba43!,2000-02-26,hombre
FrancescoGiovani,prueba_43@gmail.com,Prueba44!,2000-02-27,mujer
FrancescoGiovani,prueba_44@gmail.com,Prueba45!,2000-02-28,hombre
FrancescoGiovani,prueba_45@gmail.com,Prueba46!,2000-02-29,mujer
FrancescoGiovani,prueba_46@gmail.com,Prueba47!,2000-03-01,hombre
FrancescoGiovani,prueba_47@gmail.com,Prueba48!,2000-03-02,mujer
FrancescoGiovani,prueba_48@gmail.com,Prueba49!,2000-03-03,hombre
FrancescoGiovani,prueba_49@gmail.com,Prueba50!,2000-03-04,mujer
